year,month_num,month_name,total_sales
2014,1,January,42188.54
2014,2,February,43842.4
2014,3,March,80692.76
2014,4,April,74461.09
2014,5,May,34554.3
2014,6,June,80055.38
2014,7,July,69695.74
2014,8,August,38500.16
2014,9,September,80889.06
2014,10,October,83648.74
2014,11,November,83082.92
2014,12,December,95214.4
2015,1,January,42990.36
2015,2,February,48494.25
2015,3,March,80031.21
2015,4,April,91437.16
2015,5,May,56339.82
2015,6,June,98317.85
2015,7,July,80022.61
2015,8,August,86514.94
2015,9,September,97084.01
2015,10,October,105483.91
2015,11,November,201987.05
2015,12,December,142989.94
2016,1,January,85226.61
2016,2,February,102747.02
2016,3,March,107266.53
2016,4,April,148687.32
2016,5,May,151233.82
2016,6,June,108063.66
2016,7,July,125707.39
2016,8,August,155361.2
2016,9,September,121535.31
2016,10,October,153180.23
2016,11,November,178447.89
2016,12,December,197874.99
2017,1,January,117910.41
2017,2,February,124170.22
2017,3,March,212890.22
2017,4,April,154365.82
2017,5,May,180890.94
2017,6,June,238618.14
2017,7,July,189155.97
2017,8,August,221834.58
2017,9,September,229865.09
2017,10,October,229650.97
2017,11,November,346179.01
2017,12,December,330100.74
